{
	"forge_marker": 1,
	"variants": {
		"normal": [ 
		  { "model": "thebetweenlands:internal/winter_event",
			"custom": {
				"model_base": "thebetweenlands:block/internal/spook_event",
				"model_base_data": {
					"model_base": "thebetweenlands:block/internal/model_combined",
					"model_base_data": {
						"model_base": "thebetweenlands:block/cattail_untinted",
						"model_additional": "thebetweenlands:block/cattail_tinted"
					},
					"model_active": "thebetweenlands:block/cattail_spook"				
				},
				"model_active": "thebetweenlands:block/cattail_frosty" }
			},
			{ "model": "thebetweenlands:internal/winter_event",
			"custom": {
				"model_base": "thebetweenlands:block/internal/spook_event",
				"model_base_data": {
					"model_base": "thebetweenlands:block/internal/model_combined",
					"model_base_data": {
						"model_base": "thebetweenlands:block/cattail_untinted_0",
						"model_additional": "thebetweenlands:block/cattail_tinted_0"
					},
					"model_active": "thebetweenlands:block/cattail_spook"				
				},
				"model_active": "thebetweenlands:block/cattail_frosty" }
			},
			{ "model": "thebetweenlands:internal/winter_event",
			"custom": {
				"model_base": "thebetweenlands:block/internal/spook_event",
				"model_base_data": {
					"model_base": "thebetweenlands:block/internal/model_combined",
					"model_base_data": {
						"model_base": "thebetweenlands:block/cattail_untinted_1",
						"model_additional": "thebetweenlands:block/cattail_tinted_1"
					},
					"model_active": "thebetweenlands:block/cattail_spook"				
				},
				"model_active": "thebetweenlands:block/cattail_frosty" }
			}
		]
	}
}
