{
	"forge_marker": 1,
	"variants": {
		"normal": [
		  {	"model": "thebetweenlands:internal/winter_event",
			"custom": {
				"model_base": "thebetweenlands:block/internal/spook_event",
				"model_base_data": {
					"model_base": "thebetweenlands:block/soft_rush",
					"model_active": "thebetweenlands:block/soft_rush_spook"				
				},
				"model_active": "thebetweenlands:block/soft_rush_frosty" }
				},
				{ "model": "thebetweenlands:internal/winter_event",
			"custom": {
				"model_base": "thebetweenlands:block/internal/spook_event",
				"model_base_data": {
					"model_base": "thebetweenlands:block/soft_rush_0",
					"model_active": "thebetweenlands:block/soft_rush_spook"				
				},
				"model_active": "thebetweenlands:block/soft_rush_frosty" }
				},
				{ "model": "thebetweenlands:internal/winter_event",
			"custom": {
				"model_base": "thebetweenlands:block/internal/spook_event",
				"model_base_data": {
					"model_base": "thebetweenlands:block/soft_rush_1",
					"model_active": "thebetweenlands:block/soft_rush_spook"				
				},
				"model_active": "thebetweenlands:block/soft_rush_frosty" }
			}
		]
	}
}
