{
	"forge_marker": 1,
	"variants": {
		"normal": [
		  {	"model": "thebetweenlands:internal/winter_event",
			"custom": {
				"model_base": "thebetweenlands:block/internal/spook_event",
				"model_base_data": {
					"model_base": "thebetweenlands:block/swamp_tallgrass",
					"model_active": "thebetweenlands:block/swamp_tallgrass_spook"				
				},
				"model_active": "thebetweenlands:block/swamp_tallgrass_frosty"
				}
			},
{	"model": "thebetweenlands:internal/winter_event",
			"custom": {
				"model_base": "thebetweenlands:block/internal/spook_event",
				"model_base_data": {
					"model_base": "thebetweenlands:block/swamp_tallgrass_0",
					"model_active": "thebetweenlands:block/swamp_tallgrass_spook"				
				},
				"model_active": "thebetweenlands:block/swamp_tallgrass_frosty"
				}
			},
{	"model": "thebetweenlands:internal/winter_event",
			"custom": {
				"model_base": "thebetweenlands:block/internal/spook_event",
				"model_base_data": {
					"model_base": "thebetweenlands:block/swamp_tallgrass_1",
					"model_active": "thebetweenlands:block/swamp_tallgrass_spook"				
				},
				"model_active": "thebetweenlands:block/swamp_tallgrass_frosty"
				}
			}
		]
	}
}