{
	"parent": "block/grass",
	"ambientocclusion": false,
	"textures": {
		"particle": "thebetweenlands:blocks/swamp_dirt",
		"bottom": "thebetweenlands:blocks/swamp_dirt",
		"top": "thebetweenlands:blocks/sludgy_dirt_top",
		"side": "thebetweenlands:blocks/sludgy_dirt_side",
		"alert": "thebetweenlands:blocks/alert"
	},
	"elements": [
		{
			"from": [0, 0, 0],
			"to": [16, 16, 16],
			"faces": {
				"north": {"uv": [0, 0, 16, 16], "texture": "#side", "cullface": "north"},
				"east": {"uv": [0, 0, 16, 16], "texture": "#side", "cullface": "east"},
				"south": {"uv": [0, 0, 16, 16], "texture": "#side", "cullface": "south"},
				"west": {"uv": [0, 0, 16, 16], "texture": "#side", "cullface": "west"},
				"up": {"uv": [0, 0, 16, 16], "texture": "#top", "cullface": "up", "tintindex": 0},
				"down": {"uv": [0, 0, 16, 16], "texture": "#bottom", "cullface": "down"}
			}
		},
		{
			"from": [0, 0, 0],
			"to": [16, 16, 16],
			"faces": {
				"north": {"uv": [0, 0, 16, 16], "texture": "#side", "cullface": "north", "tintindex": 0},
				"east": {"uv": [0, 0, 16, 16], "texture": "#side", "cullface": "east", "tintindex": 0},
				"south": {"uv": [0, 0, 16, 16], "texture": "#side", "cullface": "south", "tintindex": 0},
				"west": {"uv": [0, 0, 16, 16], "texture": "#side", "cullface": "west", "tintindex": 0}
			}
		},
		{
			"name": "alert",
			"from": [7, 20, 7],
			"to": [9, 25, 9],
			"rotation": {"angle": 0, "axis": "y", "origin": [15, 29, 15]},
			"faces": {
				"north": {"uv": [0, 0, 2, 5], "texture": "#alert", "cullface": "up"},
				"east": {"uv": [0, 0, 2, 5], "texture": "#alert", "cullface": "up"},
				"south": {"uv": [0, 0, 2, 5], "texture": "#alert", "cullface": "up"},
				"west": {"uv": [0, 0, 2, 5], "texture": "#alert", "cullface": "up"},
				"up": {"uv": [2, 0, 4, 2], "texture": "#alert", "cullface": "up"},
				"down": {"uv": [2, 0, 4, 2], "texture": "#alert", "cullface": "up"}
			}
		},
		{
			"name": "alert",
			"from": [7, 18.001, 7],
			"to": [9, 20.001, 9],
			"rotation": {"angle": 0, "axis": "y", "origin": [15, 26, 15]},
			"faces": {
				"north": {"uv": [6, 0, 8, 2], "texture": "#alert", "cullface": "up"},
				"east": {"uv": [6, 0, 8, 2], "texture": "#alert", "cullface": "up"},
				"south": {"uv": [6, 0, 8, 2], "texture": "#alert", "cullface": "up"},
				"west": {"uv": [6, 0, 8, 2], "texture": "#alert", "cullface": "up"},
				"up": {"uv": [6, 0, 8, 2], "texture": "#alert", "cullface": "up"},
				"down": {"uv": [6, 0, 8, 2], "texture": "#alert", "cullface": "up"}
			}
		},
		{
			"name": "alert",
			"from": [7, 21, 7],
			"to": [9, 26, 9],
			"rotation": {"angle": 0, "axis": "y", "origin": [15, 30, 15]},
			"faces": {
				"north": {"uv": [4, 0, 6, 5], "texture": "#alert", "cullface": "up"},
				"east": {"uv": [4, 0, 6, 5], "texture": "#alert", "cullface": "up"},
				"south": {"uv": [4, 0, 6, 5], "texture": "#alert", "cullface": "up"},
				"west": {"uv": [4, 0, 6, 5], "texture": "#alert", "cullface": "up"},
				"up": {"uv": [6, 0, 8, 2], "texture": "#alert", "cullface": "up"},
				"down": {"uv": [6, 0, 8, 2], "texture": "#alert", "cullface": "up"}
			}
		}
	]
}