{
  "parent": "item/handheld",
  "textures": {
    "layer0": "thebetweenlands:items/strictly_herblore/tools/sickle_corrodible"
  },
  "overrides": [
        { "predicate": { "corrosion": 0.0 }, "model": "thebetweenlands:item/sickle_corrosion_0" },
        { "predicate": { "corrosion": 1.0 }, "model": "thebetweenlands:item/sickle_corrosion_1" },
        { "predicate": { "corrosion": 2.0 }, "model": "thebetweenlands:item/sickle_corrosion_2" },
        { "predicate": { "corrosion": 3.0 }, "model": "thebetweenlands:item/sickle_corrosion_3" },
        { "predicate": { "corrosion": 4.0 }, "model": "thebetweenlands:item/sickle_corrosion_4" },
        { "predicate": { "corrosion": 5.0 }, "model": "thebetweenlands:item/sickle_corrosion_5" }
    ]
}