{
	"credit": "Made with Blockbench",
	"parent": "item/generated",
	"textures": {
		"layer0": "thebetweenlands:items/valonite_greataxe_corrodible"
	},
	"display": {
		"thirdperson_righthand": {
			"rotation": [0, -90, 55],
			"translation": [0, 9, 0],
			"scale": [1.7, 1.7, 0.85]
		},
		"thirdperson_lefthand": {
			"rotation": [0, 90, -55],
			"translation": [0, 9, 0],
			"scale": [1.7, 1.7, 0.85]
		},
		"firstperson_righthand": {
			"rotation": [0, -90, 25],
			"translation": [1.2, 6.4, 1.2],
			"scale": [1.1, 1.1, 0.7]
		},
		"firstperson_lefthand": {
			"rotation": [0, 90, -25],
			"translation": [1.2, 6.4, 1.2],
			"scale": [1.1, 1.1, 0.7]
		},
		"ground": {
			"translation": [0, 3, 0],
			"scale": [0.8, 0.8, 0.6]
		}
	}
}